﻿[{
	"value": "MEMBER_FIRM_ID",
	"text": "MEMBER_FIRM_ID",
  "operatorvalue": [
    {
      "value": "CA",
      "text": "CA"
    },
    {
      "value": "MA",
      "text": "MA"
    },
    {
      "value": "IN",
      "text": "IN"
    },
    {
      "value": "GB",
      "text": "GB"
    },
    {
      "value": "JP",
      "text": "JP"
    }
  ]
}, {
	"value": "COUNTRY_CODE",
	"text": "COUNTRY_CODE",
	"operatorvalue": [{
		"text": "CA",
		"value": "CA"
	}, {
		"text": "GB",
		"value": "GB"
	}, {
		"text": "IN",
		"value": "IN"
	}, {
		"text": "JP",
		"value": "JP"
	}, {
		"text": "CH",
		"value": "CH"
	}]
}, {
	"value": "FUNCTION_GLOBAL_CODE",
	"text": "FUNCTION_GLOBAL_CODE",
	"operatorvalue": [{
		"text": "35188",
		"value": "35188"
	}, {
		"text": "1838",
		"value": "1838"
	}, {
		"text": "1871",
		"value": "1871"
	}, {
		"text": "163554",
		"value": "163554"
	}, {
		"text": "1852",
		"value": "1852"
	}]
}, {
	"value": "OFFICE_ADDRESS_CITY_DESC2",
	"text": "OFFICE_ADDRESS_CITY_DESC2",
	"operatorvalue": [{
		"text": "Mumbai",
		"value": "Mumbai"
	}, {
		"text": "London",
		"value": "London"
	}, {
		"text": "Kolkata",
		"value": "Kolkata"
	}, {
		"text": "Bengaluru",
		"value": "Bengaluru"
	}, {
		"text": "Chennai",
		"value": "Chennai"
	}]
}, {
	"value": "JOB_TITLE_CODE",
	"text": "JOB_TITLE_CODE",
	"operatorvalue": [{
		"text": "1341",
		"value": "1341"
	}, {
		"text": "1261",
		"value": "1261"
	}, {
		"text": "1357",
		"value": "1357"
	}, {
		"text": "986254",
		"value": "986254"
	}, {
		"text": "1243",
		"value": "1243"
	}]
}, {
	"value": "TYPE_DESCRIPTION",
	"text": "TYPE_DESCRIPTION",
	"operatorvalue": [{
		"text": "Article Trainee",
		"value": "Article Trainee"
	}, {
		"text": "Permanent",
		"value": "Permanent"
	}, {
		"text": "Temporary Employee",
		"value": "Temporary Employee"
	}, {
		"text": "Contractor",
		"value": "Contractor"
	}, {
		"text": "Trainee",
		"value": "Trainee"
	}, {
		"text": "On Probation",
		"value": "On Probation"
	}]
}]